{"cameraMode":{"drawMode":0,"name":"Shaded","section":"Shading Mode"},"sceneLighting":true,"audioPlay":false,"sceneViewState":{"m_AlwaysRefresh":false,"showFog":true,"showSkybox":true,"showFlares":true,"showImageEffects":true,"showParticleSystems":true,"showVisualEffectGraphs":true,"m_FxEnabled":true},"in2DMode":false,"pivot":{"x":47.16570281982422,"y":-96.57215881347656,"z":-575.061767578125},"rotation":{"x":-0.0020141564309597017,"y":-0.9955681562423706,"z":0.09166141599416733,"w":-0.021797211840748788},"size":333.6892395019531,"orthographic":false}